name,link
Футболка с принтом,
Nintendo Switch,
Укулеле,
Новогодняя игрушка,
CyberPunk 2077,
Беспроводные наушники JBL,
Электрическая зубная щетка,
Котенок из приюта ,
Ретро-фотоаппарат,
Серебряный браслет Pandora,
Macbook Pro 2020,
Apple iPhone 12,
Нео-куб,
Кубик рубика,
Чайный набор,
Пиньята,
Вино с головоломкой для открытия,
Робот-пылесос,
Столик для завтраков в постель,
Билет в Мариинский театр,
Лего майндшторм,
Акула из икеи,
Набор косметики,
Набор для ванны,
Эротическое нижнее белье,
Ликер Бейлис и шоколадка,
Заварочный чайник,
Кукла Лол,
Мягкий чехол для ноутбука,
Перчатки с сенсорными пальцами,
Шерстяной шарф,
ТРИЗ,
Игровая клавиатура,
Игровая гарнитура,
Мягкий плед,
Билет на стендап,
Кастомная маска,
Арома свеча,
Кальян,
Пивная кружка,
Чайная кружка как в поезде,
Часы Daniel Wellington,
Портативная колонка,
Колонка Алиса,
Дрон,
Ридер,
Настольный кактус,
Лавовая лампа,
Увлажнитель воздуха,